keyword,monthly_volume,category,subcategory,last_used_date
how to file taxes,301000,tax,filing,
tax brackets 2026,246000,tax,brackets,
capital gains tax,201000,tax,capital_gains,
standard deduction 2026,165000,tax,deductions,
401k contribution limit 2026,135000,retirement,401k,
roth ira contribution limit 2026,110000,retirement,roth_ira,
how to invest in stocks,90500,investing,stocks,
best savings account rates,88000,investing,savings,
social security benefits,74000,retirement,social_security,
what is a roth ira,73000,retirement,roth_ira,
how to save money,67000,budgeting,saving,
credit score,60500,credit,score,
how to buy a house,55000,real_estate,buying,
student loan forgiveness,49500,debt,student_loans,
how much to save for retirement,45000,retirement,planning,
best credit cards,42000,credit,cards,
mortgage rates today,40000,real_estate,mortgages,
how to start investing,38000,investing,beginner,
estate planning,36000,estate,planning,
what is a 529 plan,33000,education,529_plan,
health insurance marketplace,31000,insurance,health,
how to build credit,30000,credit,building,
ira contribution limits 2026,28000,retirement,ira,
how to budget,27000,budgeting,basics,
long term capital gains tax rate,26000,tax,capital_gains,
required minimum distribution,25000,retirement,rmd,
best etfs to buy,24500,investing,etfs,
hsa contribution limits 2026,24000,tax,hsa,
how to pay off debt,23000,debt,payoff,
what is an etf,22000,investing,etfs,
social security retirement age,21500,retirement,social_security,
index funds vs etfs,21000,investing,comparison,
how to refinance mortgage,20500,real_estate,mortgages,
tax deductions for homeowners,20000,tax,deductions,
best high yield savings accounts,19500,investing,savings,
how to roll over 401k,19000,retirement,401k,
life insurance types,18500,insurance,life,
how to lower taxes,18000,tax,strategies,
when can i withdraw from 401k,17500,retirement,401k,
child tax credit 2026,17000,tax,credits,
what is compound interest,16500,investing,basics,
average 401k balance by age,16000,retirement,401k,
best index funds,15500,investing,index_funds,
how to create a will,15000,estate,wills,
medicare enrollment,14500,insurance,medicare,
backdoor roth ira,14000,retirement,roth_ira,
how much house can i afford,13500,real_estate,buying,
s&p 500 returns history,13000,investing,markets,
tax loss harvesting,12500,tax,strategies,
best retirement plans for self employed,12000,retirement,self_employed,
dividend investing strategy,11500,investing,dividends,
what is a trust,11000,estate,trusts,
how to negotiate salary,10500,career,salary,
capital gains tax on real estate,10000,tax,real_estate,
best budgeting apps,9800,budgeting,tools,
roth ira vs traditional ira,9500,retirement,comparison,
when to claim social security,9200,retirement,social_security,
umbrella insurance,9000,insurance,umbrella,
treasury bonds,8800,investing,bonds,
how to avoid capital gains tax,8500,tax,capital_gains,
what is a fiduciary,8200,investing,advisors,
how to save for college,8000,education,saving,
best mutual funds,7800,investing,mutual_funds,
estate tax exemption 2026,7500,estate,taxes,
how to start a business,7200,career,business,
debt snowball vs avalanche,7000,debt,strategies,
what is dollar cost averaging,6800,investing,strategies,
sep ira contribution limits,6500,retirement,self_employed,
best robo advisors,6200,investing,advisors,
how to read a pay stub,6000,career,basics,
gift tax rules 2026,5800,tax,gift_tax,
annuity vs 401k,5500,retirement,comparison,
what is a cd,5200,investing,savings,
how to diversify portfolio,5000,investing,strategies,
whole life vs term life insurance,4800,insurance,life,
i bonds rate,4500,investing,bonds,
how to open a brokerage account,4200,investing,beginner,
what is an ira,4000,retirement,ira,
long term care insurance,3800,insurance,long_term_care,
how to max out 401k,3700,retirement,401k,
apple stock analysis,3500,investing,stocks,
nvidia stock forecast,3400,investing,stocks,
tesla stock analysis,3300,investing,stocks,
microsoft stock analysis,3200,investing,stocks,
amazon stock forecast,3100,investing,stocks,
meta stock analysis,3000,investing,stocks,
google stock forecast,2900,investing,stocks,
berkshire hathaway portfolio,2800,investing,investors,
warren buffett portfolio,2700,investing,investors,
cathie wood portfolio,2600,investing,investors,
ray dalio portfolio,2500,investing,investors,
michael burry portfolio,2400,investing,investors,
bill ackman portfolio,2300,investing,investors,
nancy pelosi stock trades,2200,investing,investors,
best personal finance books,2100,budgeting,education,
how to calculate net worth,2000,budgeting,basics,
529 plan vs roth ira for college,1900,education,comparison,
qualified dividends vs ordinary,1800,tax,dividends,
mega backdoor roth,1700,retirement,roth_ira,
tax implications of selling a house,1600,tax,real_estate,
how to pick individual stocks,1500,investing,stocks,
what is a brokerage account,1400,investing,beginner,
when to sell a stock,1300,investing,strategies,
stock market crash history,1200,investing,markets,
how to protect assets from lawsuits,1100,estate,protection,
spx vs spy,1000,investing,comparison,
voo vs vti,950,investing,comparison,
schd vs voo,900,investing,comparison,
fidelity vs vanguard vs schwab,850,investing,comparison,
robinhood vs fidelity,800,investing,comparison,
sofi vs traditional bank,750,investing,comparison,
empower vs betterment,700,investing,comparison,
wealthfront vs betterment,650,investing,comparison,
turbotax vs h&r block,600,tax,comparison,
mint vs ynab vs copilot,550,budgeting,comparison,
oil price forecast 2026,3000,investing,commodities,
gold price prediction 2026,2800,investing,commodities,
fed interest rate decision,2500,investing,macro,
inflation rate 2026,2400,investing,macro,
recession probability 2026,2200,investing,macro,
housing market forecast 2026,2100,real_estate,forecast,
stock market outlook 2026,2000,investing,macro,
what happens if government shuts down,1900,investing,macro,
impact of tariffs on stocks,1800,investing,macro,
what happens when fed cuts rates,1700,investing,macro,
how ai affects jobs,1600,career,technology,
best stocks for ai boom,1500,investing,sectors,
ev stocks to watch,1400,investing,sectors,
healthcare stocks analysis,1300,investing,sectors,
defense stocks analysis,1200,investing,sectors,
energy stocks forecast,1100,investing,sectors,
bank stocks analysis,1000,investing,sectors,
reit investing guide,950,investing,real_estate,
how to invest in real estate,900,real_estate,investing,
rental property roi calculator,850,real_estate,investing,
1031 exchange rules,800,real_estate,tax,
how to calculate rental yield,750,real_estate,investing,
earnest money explained,700,real_estate,buying,
fha loan requirements 2026,650,real_estate,mortgages,
conventional vs fha loan,600,real_estate,comparison,
how to get pre approved for mortgage,550,real_estate,mortgages,
pmi explained,500,real_estate,mortgages,
what is escrow,480,real_estate,buying,
home equity loan vs heloc,460,real_estate,equity,
cash out refinance pros and cons,440,real_estate,equity,
how to appeal property tax,420,tax,real_estate,
investment property tax deductions,400,tax,real_estate,
depreciation on rental property,380,tax,real_estate,
1099 tax obligations,360,tax,self_employed,
quarterly estimated taxes,340,tax,self_employed,
llc tax benefits,320,tax,business,
s corp vs llc for taxes,300,tax,business,
home office deduction,280,tax,deductions,
charitable giving tax deduction,260,tax,deductions,
medical expense deduction,240,tax,deductions,
state and local tax deduction cap,220,tax,deductions,
how to do a roth conversion,200,retirement,roth_ira,
roth conversion ladder,190,retirement,roth_ira,
72t rule early retirement,180,retirement,early,
rule of 55 early withdrawal,170,retirement,early,
fire movement guide,160,retirement,early,
coast fire explained,150,retirement,early,
barista fire strategy,140,retirement,early,
how much do i need to retire,130,retirement,planning,
4 percent rule retirement,120,retirement,planning,
retirement income strategy,110,retirement,planning,
pension vs 401k,100,retirement,comparison,
simple ira vs sep ira,95,retirement,comparison,
traditional 401k vs roth 401k,90,retirement,comparison,
spousal ira rules,85,retirement,ira,
inherited ira rules 2026,80,retirement,ira,
ira early withdrawal penalty,75,retirement,ira,
substantially equal periodic payments,70,retirement,early,
social security spousal benefits,65,retirement,social_security,
social security disability benefits,60,retirement,social_security,
social security taxation rules,55,retirement,social_security,
maximize social security benefits,50,retirement,social_security,
cola increase 2026 social security,48,retirement,social_security,
medicare part a vs part b,46,insurance,medicare,
medicare advantage vs original medicare,44,insurance,medicare,
medigap plans explained,42,insurance,medicare,
medicare part d prescription coverage,40,insurance,medicare,
irmaa surcharge medicare,38,insurance,medicare,
cobra insurance explained,36,insurance,health,
health savings account rules,34,tax,hsa,
fsa vs hsa,32,insurance,comparison,
disability insurance types,30,insurance,disability,
how much disability insurance do i need,28,insurance,disability,
term life insurance quotes,26,insurance,life,
how much life insurance do i need,24,insurance,life,
beneficiary designation rules,22,estate,beneficiaries,
power of attorney types,20,estate,planning,
living trust vs will,18,estate,comparison,
revocable vs irrevocable trust,16,estate,trusts,
how to avoid probate,14,estate,planning,
generation skipping trust,12,estate,trusts,
charitable remainder trust,10,estate,trusts,
special needs trust,8,estate,trusts,
529 plan state tax deduction,6,education,529_plan,
coverdell education savings account,5,education,saving,
student loan interest deduction,4,tax,education,
public service loan forgiveness,3,debt,student_loans,
income driven repayment plans,2,debt,student_loans,
consolidate student loans,1,debt,student_loans,
nvda stock analysis,3600,investing,stocks,
aapl stock forecast,3400,investing,stocks,
msft stock analysis,3200,investing,stocks,
amzn stock forecast,3000,investing,stocks,
tsla stock forecast,2900,investing,stocks,
goog stock analysis,2800,investing,stocks,
brk.b stock analysis,2600,investing,stocks,
jpm stock analysis,2400,investing,stocks,
v stock analysis,2200,investing,stocks,
ma stock analysis,2000,investing,stocks,
ups stock forecast,1800,investing,stocks,
cost stock analysis,1700,investing,stocks,
crm stock forecast,1600,investing,stocks,
avgo stock analysis,1500,investing,stocks,
lly stock analysis,1400,investing,stocks,
unp stock forecast,1300,investing,stocks,
dis stock analysis,1200,investing,stocks,
ko stock forecast,1100,investing,stocks,
pep stock analysis,1000,investing,stocks,
wmt stock forecast,950,investing,stocks,
spy etf analysis,900,investing,etfs,
qqq etf analysis,850,investing,etfs,
voo etf analysis,800,investing,etfs,
vti etf analysis,750,investing,etfs,
schd dividend etf,700,investing,etfs,
arkk etf analysis,650,investing,etfs,
iwm small cap etf,600,investing,etfs,
xlf financial etf,550,investing,etfs,
xle energy etf,500,investing,etfs,
how to report crypto taxes,480,tax,crypto,
bitcoin tax rules,460,tax,crypto,
nft tax implications,440,tax,crypto,
crypto staking taxes,420,tax,crypto,
wash sale rule crypto,400,tax,crypto,
what is blockchain,380,investing,crypto,
bitcoin vs ethereum investment,360,investing,crypto,
best crypto for long term,340,investing,crypto,
defi explained simply,320,investing,crypto,
how to create emergency fund,4500,budgeting,saving,
50 30 20 budget rule,4200,budgeting,basics,
sinking fund explained,3800,budgeting,saving,
cash envelope system,3500,budgeting,methods,
zero based budget,3200,budgeting,methods,
how to stop living paycheck to paycheck,3000,budgeting,saving,
high income budgeting strategies,2800,budgeting,strategies,
how to automate finances,2600,budgeting,tools,
financial planning for couples,2400,budgeting,planning,
money mistakes to avoid in your 20s,2200,budgeting,education,
money mistakes to avoid in your 30s,2100,budgeting,education,
financial checklist for 40s,2000,budgeting,planning,
financial planning for 50s,1900,budgeting,planning,
how to teach kids about money,1800,budgeting,education,
allowance strategies for kids,1700,budgeting,education,
negotiate medical bills,1600,budgeting,saving,
how to lower car insurance,1500,insurance,auto,
save money on groceries,1400,budgeting,saving,
cut subscription costs,1300,budgeting,saving,
how to get out of credit card debt,5000,debt,credit_cards,
balance transfer credit card strategy,4500,debt,credit_cards,
debt consolidation loan,4000,debt,consolidation,
personal loan vs credit card,3500,debt,comparison,
should i file bankruptcy,3000,debt,bankruptcy,
chapter 7 vs chapter 13 bankruptcy,2800,debt,bankruptcy,
how credit utilization affects score,2500,credit,score,
how to dispute credit report,2200,credit,dispute,
authorized user strategy credit,2000,credit,building,
best secured credit cards,1800,credit,building,
how to freeze credit,1600,credit,security,
identity theft protection,1400,credit,security,
earnings report apple q1 2026,800,investing,earnings,
earnings report microsoft q1 2026,750,investing,earnings,
earnings report amazon q1 2026,700,investing,earnings,
earnings report nvidia q1 2026,650,investing,earnings,
earnings report tesla q1 2026,600,investing,earnings,
earnings report google q1 2026,550,investing,earnings,
earnings report meta q1 2026,500,investing,earnings,
earnings report jpmorgan q1 2026,480,investing,earnings,
sp500 earnings season q1 2026,460,investing,earnings,
bank earnings preview,440,investing,earnings,
tech earnings preview,420,investing,earnings,
retail earnings season,400,investing,earnings,
healthcare earnings outlook,380,investing,earnings,
what is a stock split,3600,investing,basics,
market order vs limit order,3400,investing,basics,
after hours trading explained,3200,investing,basics,
short selling explained,3000,investing,basics,
options trading for beginners,2800,investing,options,
covered call strategy,2600,investing,options,
put options explained,2400,investing,options,
how margin trading works,2200,investing,margin,
what is a bear market,2000,investing,markets,
what is a bull market,1900,investing,markets,
market correction vs crash,1800,investing,markets,
stock market sectors explained,1700,investing,sectors,
how to read a balance sheet,1600,investing,fundamentals,
price to earnings ratio explained,1500,investing,fundamentals,
free cash flow analysis,1400,investing,fundamentals,
dividend yield explained,1300,investing,fundamentals,
book value per share,1200,investing,fundamentals,
return on equity explained,1100,investing,fundamentals,
enterprise value explained,1000,investing,fundamentals,
peg ratio explained,950,investing,fundamentals,
current ratio analysis,900,investing,fundamentals,
debt to equity ratio,850,investing,fundamentals,
working capital explained,800,investing,fundamentals,
intrinsic value calculation,750,investing,fundamentals,
discounted cash flow model,700,investing,fundamentals,
technical analysis basics,650,investing,technical,
support and resistance levels,600,investing,technical,
moving average strategy,550,investing,technical,
rsi indicator explained,500,investing,technical,
macd indicator,480,investing,technical,
bollinger bands strategy,460,investing,technical,
candlestick patterns guide,440,investing,technical,
volume analysis stocks,420,investing,technical,
mean reversion strategy,400,investing,technical,
small cap vs large cap,3000,investing,comparison,
growth vs value stocks,2800,investing,comparison,
active vs passive investing,2600,investing,comparison,
individual stocks vs index funds,2400,investing,comparison,
us stocks vs international stocks,2200,investing,comparison,
bonds vs stocks allocation,2000,investing,comparison,
real estate vs stocks,1800,investing,comparison,
gold vs stocks,1600,investing,comparison,
tips vs i bonds,1400,investing,comparison,
municipal bonds vs treasury bonds,1200,investing,comparison,
how to protect portfolio from recession,3500,investing,strategies,
defensive stock portfolio,3200,investing,strategies,
portfolio rebalancing strategy,3000,investing,strategies,
asset allocation by age,2800,investing,strategies,
three fund portfolio,2500,investing,strategies,
barbell portfolio strategy,2200,investing,strategies,
all weather portfolio,2000,investing,strategies,
permanent portfolio strategy,1800,investing,strategies,
bucket strategy retirement,1600,investing,strategies,
tax efficient investing,1400,investing,strategies,
charitable giving strategies high income,1200,tax,strategies,
donor advised fund,1100,tax,strategies,
qualified charitable distribution,1000,tax,strategies,
bunching deductions strategy,900,tax,strategies,
amt alternative minimum tax,800,tax,strategies,
net investment income tax,700,tax,strategies,
wash sale rule explained,600,tax,strategies,
tax gain harvesting,500,tax,strategies,
estimated tax payments guide,450,tax,self_employed,
sole proprietor taxes,400,tax,self_employed,
business expense deductions,380,tax,business,
vehicle depreciation deduction,360,tax,business,
section 179 deduction,340,tax,business,
qbi deduction explained,320,tax,business,
self employment tax rate,300,tax,self_employed,
health insurance deduction self employed,280,tax,self_employed,
retirement plan comparison self employed,260,retirement,self_employed,
solo 401k rules,240,retirement,self_employed,
defined benefit plan self employed,220,retirement,self_employed,
side hustle tax rules,200,tax,self_employed,
gig economy taxes,180,tax,self_employed,
rent vs buy calculator,3200,real_estate,comparison,
is now good time to buy house,3000,real_estate,market,
housing bubble 2026,2800,real_estate,market,
best cities to buy house 2026,2600,real_estate,market,
average home price by state,2400,real_estate,market,
first time home buyer programs,2200,real_estate,buying,
down payment assistance programs,2000,real_estate,buying,
closing costs explained,1800,real_estate,buying,
home inspection checklist,1600,real_estate,buying,
when to sell your house,1400,real_estate,selling,
home staging tips,1200,real_estate,selling,
capital gains exclusion primary residence,1000,tax,real_estate,
real estate agent commission changes 2026,800,real_estate,buying,
best cities for rental property,600,real_estate,investing,
airbnb vs long term rental,500,real_estate,investing,
wie diversifiziert man portfolio,400,investing,strategies,
como invertir en bolsa,380,investing,beginner,
credit card rewards optimization,2000,credit,rewards,
best travel credit cards,1800,credit,rewards,
best cashback credit cards,1600,credit,rewards,
annual fee credit card worth it,1400,credit,comparison,
credit card churning strategy,1200,credit,rewards,
points vs miles,1000,credit,comparison,
what is a good credit score,900,credit,score,
how long to build credit,800,credit,building,
credit score factors,700,credit,score,
hard inquiry vs soft inquiry,600,credit,basics,
financial advisor cost,2800,investing,advisors,
fee only financial advisor,2600,investing,advisors,
do i need a financial advisor,2400,investing,advisors,
financial planner vs financial advisor,2200,investing,advisors,
fiduciary financial advisor near me,2000,investing,advisors,
wealth management fees,1800,investing,advisors,
what does a cpa do,1600,career,basics,
tax preparer vs cpa,1400,tax,comparison,
when to hire an accountant,1200,tax,planning,
how to find a good cpa,1000,tax,planning,
payroll taxes explained,3800,tax,basics,
fica tax rate 2026,3600,tax,basics,
w4 allowances explained,3400,tax,filing,
how to fill out w4,3200,tax,filing,
married filing jointly vs separately,3000,tax,filing,
head of household requirements,2800,tax,filing,
tax filing deadline 2026,2600,tax,filing,
amended tax return,2400,tax,filing,
irs audit triggers,2200,tax,audit,
how to respond to irs notice,2000,tax,audit,
irs payment plan options,1800,tax,payment,
offer in compromise irs,1600,tax,payment,
tax refund timeline 2026,1400,tax,filing,
where is my refund,1200,tax,filing,
earned income tax credit 2026,1000,tax,credits,
education tax credits,950,tax,credits,
ev tax credit 2026,900,tax,credits,
energy efficiency tax credits 2026,850,tax,credits,
adoption tax credit,800,tax,credits,
saver's credit retirement,750,tax,credits,
foreign tax credit,700,tax,credits,
r&d tax credit,650,tax,credits,
how to calculate taxable income,600,tax,basics,
marginal vs effective tax rate,550,tax,basics,
above the line deductions,500,tax,deductions,
itemized vs standard deduction,480,tax,deductions,
mortgage interest deduction,460,tax,deductions,
property tax deduction limit,440,tax,deductions,
moving expenses deduction,420,tax,deductions,
alimony tax rules 2026,400,tax,deductions,
nanny tax explained,380,tax,self_employed,
household employee taxes,360,tax,self_employed,
resale value cars 2026,340,budgeting,auto,
should i lease or buy a car,320,budgeting,auto,
gap insurance explained,300,insurance,auto,
full coverage vs liability,280,insurance,auto,
umbrella policy how much,260,insurance,umbrella,
renters insurance worth it,240,insurance,renters,
flood insurance cost,220,insurance,home,
homeowners insurance explained,200,insurance,home,
pet insurance worth it,180,insurance,pets,
cyber insurance personal,160,insurance,cyber,
travel insurance worth it,140,insurance,travel,
series i bonds explained,3200,investing,bonds,
treasury bills vs notes vs bonds,2800,investing,bonds,
corporate bonds vs government bonds,2400,investing,bonds,
bond etf vs individual bonds,2000,investing,bonds,
high yield bonds risk,1600,investing,bonds,
bond ladder strategy,1200,investing,bonds,
zero coupon bonds,800,investing,bonds,
tips inflation protected securities,600,investing,bonds,
floating rate notes,400,investing,bonds,
convertible bonds explained,300,investing,bonds,
alternative investments for retail,2000,investing,alternatives,
private equity explained,1800,investing,alternatives,
venture capital basics,1600,investing,alternatives,
hedge fund vs mutual fund,1400,investing,alternatives,
art as investment,1200,investing,alternatives,
wine investing guide,1000,investing,alternatives,
collectible investing,800,investing,alternatives,
farmland investing,600,investing,alternatives,
timber investing,400,investing,alternatives,
how to invest in startups,350,investing,alternatives,
crowdfunding investing platforms,300,investing,alternatives,
regulation d offering,280,investing,alternatives,
accredited investor definition,260,investing,basics,
bear market survival guide,5000,investing,strategies,
market volatility strategies,4500,investing,strategies,
how to handle market crash,4000,investing,strategies,
panic selling mistake,3500,investing,strategies,
buy the dip strategy,3000,investing,strategies,
position sizing strategy,2500,investing,strategies,
risk tolerance assessment,2000,investing,strategies,
monte carlo retirement simulation,1500,investing,strategies,
sequence of returns risk,1200,investing,strategies,
safe withdrawal rate,1000,investing,strategies,
glide path investing,800,investing,strategies,
target date fund pros cons,600,investing,comparison,
what is a money market fund,4000,investing,basics,
money market vs savings,3500,investing,comparison,
cd rates today,3000,investing,savings,
cd ladder strategy,2500,investing,strategies,
high yield savings vs cd,2000,investing,comparison,
brokered cd explained,1500,investing,savings,
fdic insurance limit,1000,investing,basics,
sipc insurance explained,800,investing,basics,
how to choose a bank,600,budgeting,basics,
online bank vs traditional bank,500,budgeting,comparison,
joint bank account pros cons,400,budgeting,basics,
prepaid debit card vs checking,350,budgeting,comparison,
second chance banking,300,budgeting,basics,
net worth by age,5000,budgeting,milestones,
average salary by age,4500,career,data,
how much should i save by 30,4000,budgeting,milestones,
financial milestones by age,3500,budgeting,milestones,
middle class income range,3000,budgeting,data,
cost of living by city,2500,budgeting,data,
how much is enough to retire,2000,retirement,planning,
coast number retirement,1500,retirement,planning,
lean fire number,1000,retirement,early,
fat fire number,800,retirement,early,
financial independence number,600,retirement,early,
